clip_id,pitch_type,release_frame_idx,catch_frame_idx,usable,weak_release_frame_idx,weak_catch_frame_idx,weak_confidence,weak_reason,notes,labeled_at_utc
049VCRS3P64Y,fastball,256,304,1,191,224,0.591471,moderate_motion_peaks,,2026-04-24T08:03:03.728340+00:00
04BOMHRUL9AK,knucklecurve,246,269,1,244,259,1.000000,strong_motion_peaks,,2026-04-24T08:03:38.522282+00:00
068290CCFE25,fastball,247,268,1,282,324,0.777970,strong_motion_peaks,,2026-04-24T08:08:43.287660+00:00
07Z7JQWDWT9C,fastball,270,290,1,281,292,0.729028,moderate_motion_peaks,,2026-04-24T08:09:16.447499+00:00
08LFSJXW38AQ,slider,302,334,1,274,310,0.432452,weak_motion_peaks,,2026-04-24T08:09:30.578194+00:00
08PHFEXWA1R1,fastball,276,295,1,231,255,0.905046,strong_motion_peaks,,2026-04-24T08:10:38.989286+00:00
09IIL1GTV6QD,slider,288,321,1,248,281,0.732009,moderate_motion_peaks,,2026-04-24T08:10:55.584250+00:00
0CV3RAVPQV8I,slider,299,317,1,291,316,0.946635,strong_motion_peaks,,2026-04-24T08:11:35.929235+00:00
0D97B4FJH2LQ,fastball,276,303,1,296,338,0.952570,strong_motion_peaks,,2026-04-24T08:11:59.143263+00:00
0E4R257CXNBT,fastball,275,295,1,268,295,0.943363,strong_motion_peaks,,2026-04-24T08:12:36.359528+00:00
0H76RCK7SY1Z,slider,307,329,1,31,59,0.139257,weak_motion_peaks,,2026-04-24T08:15:02.743868+00:00
0IWXPN2ZD64M,fastball,198,216,1,250,280,0.498753,moderate_motion_peaks,,2026-04-24T08:15:21.400914+00:00
0JMTIRJHGH8V,fastball,278,298,1,200,229,0.503327,moderate_motion_peaks,,2026-04-24T08:16:33.463478+00:00
0KCM8HLL297V,fastball,281,302,1,249,257,0.892974,strong_motion_peaks,,2026-04-24T08:16:45.690492+00:00
0LMKW4WBXAXF,slider,286,303,1,290,332,0.834443,strong_motion_peaks,,2026-04-24T08:16:58.047071+00:00
0MJCZ21994VE,curveball,235,255,1,205,246,0.884716,strong_motion_peaks,,2026-04-24T08:17:35.249077+00:00
0MV21SNAIHB3,curveball,137,147,1,164,186,0.861866,strong_motion_peaks,,2026-04-24T08:17:52.204167+00:00
0SV87WWUJM6G,fastball,278,298,1,253,295,0.367993,weak_motion_peaks,,2026-04-24T08:19:55.198959+00:00
0TZNZ97M064S,fastball,242,262,1,235,261,0.602656,moderate_motion_peaks,,2026-04-24T08:21:58.737258+00:00
10ODZPLPJR1U,fastball,279,321,0,279,321,0.966324,strong_motion_peaks,,2026-04-24T08:22:16.308755+00:00
118ZOV3YDP6E,slider,290,307,1,216,255,0.339126,weak_motion_peaks,,2026-04-24T08:22:32.004899+00:00
148LEDLHZFXQ,fastball,76,84,0,76,84,0.811002,strong_motion_peaks,,2026-04-24T08:22:37.347722+00:00
14ZMWHDAN9N8,curveball,287,307,1,241,273,0.941727,strong_motion_peaks,,2026-04-24T08:22:52.750375+00:00
171ADUVUHG1M,fastball,295,313,1,323,356,0.978036,strong_motion_peaks,,2026-04-24T08:24:51.782294+00:00
1CUZFQ7QZPV0,fastball,268,290,1,293,335,0.688868,moderate_motion_peaks,,2026-04-24T08:28:21.130411+00:00
1EAJ5DWX82XX,knucklecurve,282,316,1,282,296,0.985015,strong_motion_peaks,,2026-04-24T08:29:06.954579+00:00
1M6Y0LT735PO,knucklecurve,151,180,1,124,165,0.158678,weak_motion_peaks,,2026-04-24T08:29:44.178437+00:00
1TMNIWXMR2OM,fastball,259,301,0,259,301,0.726424,moderate_motion_peaks,,2026-04-24T08:29:53.051556+00:00
1TWEE7PPIH4B,sinker,299,311,1,252,290,0.654485,moderate_motion_peaks,,2026-04-24T08:30:13.122352+00:00
1ZV4N988XF0W,fastball,304,319,1,326,356,0.711099,moderate_motion_peaks,,2026-04-24T08:30:39.605652+00:00
23BXWGB4MSAH,fastball,282,296,1,318,335,0.806484,strong_motion_peaks,,2026-04-24T08:32:11.119076+00:00
24S43QK3GLQ1,knucklecurve,266,285,1,266,282,0.974038,strong_motion_peaks,,2026-04-24T08:32:23.412753+00:00
257MNU1H3O56,knucklecurve,265,282,1,245,287,0.319010,weak_motion_peaks,,2026-04-24T08:32:38.247713+00:00
25FRH3N7CIFV,fastball,311,335,1,256,269,0.404587,weak_motion_peaks,,2026-04-24T08:35:06.470290+00:00
2773P63P1ELQ,slider,281,302,1,268,282,0.850937,strong_motion_peaks,,2026-04-24T08:35:24.921636+00:00
27SGB9YD9A9M,knucklecurve,295,314,1,160,168,0.292460,weak_motion_peaks,,2026-04-24T08:36:39.598142+00:00
27X4VBLWMFF7,slider,287,311,1,252,283,0.867967,strong_motion_peaks,,2026-04-24T08:36:50.476284+00:00
2BL1X7N6DATO,fastball,335,347,1,234,276,0.414228,weak_motion_peaks,,2026-04-24T08:37:23.340997+00:00
2DFFS2LPCJG2,fastball,296,312,1,277,308,0.972638,strong_motion_peaks,,2026-04-24T08:37:41.633089+00:00
2E1ZVG8TE3J6,slider,241,259,1,197,217,0.547115,moderate_motion_peaks,,2026-04-24T08:37:58.974764+00:00
2F42EM26K53U,changeup,291,309,1,326,350,0.853460,strong_motion_peaks,,2026-04-24T08:40:50.684123+00:00
2IZFYOFVSVX1,fastball,259,294,1,192,210,0.486567,moderate_motion_peaks,,2026-04-24T08:41:11.976132+00:00
2WI67S8F65AE,slider,288,312,1,284,316,0.609953,moderate_motion_peaks,,2026-04-24T08:41:50.248116+00:00
2XRENWOWOAW7,fastball,244,262,1,266,308,0.973805,strong_motion_peaks,,2026-04-24T08:43:31.928583+00:00
310511CRZLID,knucklecurve,248,262,1,231,248,0.852406,strong_motion_peaks,,2026-04-24T08:43:51.505412+00:00
31G7B4JRWRVD,slider,266,285,1,307,315,0.927775,strong_motion_peaks,,2026-04-24T08:44:50.046882+00:00
31K7J686NLMK,slider,298,308,1,215,257,0.122909,weak_motion_peaks,,2026-04-24T08:45:12.360435+00:00
3FC05CP3G3K8,fastball,227,239,1,215,230,0.980346,strong_motion_peaks,,2026-04-24T08:46:19.968622+00:00
3H5TBJCKHTK6,fastball,244,257,0,226,257,0.724274,moderate_motion_peaks,,2026-04-24T08:46:40.111340+00:00
3HKW2B9Y28ZI,fastball,299,311,1,259,301,0.940037,strong_motion_peaks,,2026-04-24T08:46:59.739852+00:00
3IJ04S5OK1Y3,curveball,337,353,1,210,218,0.604966,moderate_motion_peaks,,2026-04-24T08:49:28.203417+00:00
3RKKH9G707MG,slider,323,345,1,316,345,0.227568,weak_motion_peaks,,2026-04-24T08:49:48.648793+00:00
3SI0UK8J6VLX,fastball,291,308,1,283,310,0.996476,strong_motion_peaks,,2026-04-24T08:52:44.828667+00:00
3TJORIUD9ZBA,knucklecurve,272,286,0,272,286,0.877361,strong_motion_peaks,,2026-04-24T08:53:13.401905+00:00
3WN7S8GVCP34,fastball,181,202,1,211,240,1.000000,strong_motion_peaks,,2026-04-24T08:53:31.809430+00:00
40VJ25L0RYR1,fastball,275,294,1,252,294,0.948859,strong_motion_peaks,,2026-04-24T08:53:52.870130+00:00
42B1Y37XGYGL,fastball,286,303,1,277,302,0.971332,strong_motion_peaks,,2026-04-24T08:54:05.837614+00:00
42ZSWC3NU4DQ,fastball,323,335,1,250,276,0.237355,weak_motion_peaks,,2026-04-24T08:54:29.956009+00:00
43M1JF58PLQI,fastball,263,287,1,252,277,0.884518,strong_motion_peaks,,2026-04-24T08:55:51.857752+00:00
47WHTWBB4F6Q,fastball,299,311,1,257,265,0.604905,moderate_motion_peaks,,2026-04-24T08:56:05.855105+00:00
4B0T873ET8XM,fastball,285,305,1,283,305,0.861758,strong_motion_peaks,,2026-04-24T08:57:49.191373+00:00
4D5JR579NM13,knucklecurve,299,306,1,280,315,0.813825,strong_motion_peaks,,2026-04-24T08:58:03.459365+00:00
4H21K4YA3485,fastball,330,344,1,324,352,0.586204,moderate_motion_peaks,,2026-04-24T09:01:03.238719+00:00
4HJ1ISF14DU9,fastball,264,306,0,264,306,0.737323,moderate_motion_peaks,,2026-04-24T09:01:11.586892+00:00
4QG7ZP7CNXDL,fastball,291,314,1,309,343,0.852314,strong_motion_peaks,,2026-04-24T09:01:34.710338+00:00
4T441TYPQ4RY,fastball,287,299,1,249,291,0.556437,moderate_motion_peaks,,2026-04-24T09:01:46.471485+00:00
4UCTNY57EGDF,fastball,281,301,1,322,342,1.000000,strong_motion_peaks,,2026-04-24T09:02:06.476186+00:00
52GJJUC67JZ9,sinker,275,299,1,259,289,0.906961,strong_motion_peaks,,2026-04-24T09:02:24.349190+00:00
56Y4YI95W6SQ,fastball,314,340,1,314,350,0.855804,strong_motion_peaks,,2026-04-24T09:02:35.030067+00:00
59AWM4U4Z6QU,slider,293,309,1,267,309,0.314434,weak_motion_peaks,,2026-04-24T09:05:42.330315+00:00
59XHSF1YZZBO,slider,248,274,1,297,325,0.912266,strong_motion_peaks,,2026-04-24T09:06:04.957870+00:00
5DMRHHDW70AC,knucklecurve,321,331,0,321,331,0.893984,strong_motion_peaks,,2026-04-24T09:06:26.917378+00:00
5HEZ6QMS1ITY,fastball,295,314,1,283,312,0.290354,weak_motion_peaks,,2026-04-24T09:06:45.995760+00:00
5K2TVPZQT03A,slider,311,323,1,259,284,0.777758,strong_motion_peaks,,2026-04-24T09:06:59.720049+00:00
5O9LOZRKO0J0,fastball,323,335,1,248,279,0.232688,weak_motion_peaks,,2026-04-24T09:07:14.884880+00:00
5OBFP0QWJBTY,fastball,293,314,1,283,314,1.000000,strong_motion_peaks,,2026-04-24T09:07:33.216807+00:00
5PPG07FUZL08,fastball,181,197,1,151,189,0.621512,moderate_motion_peaks,,2026-04-24T09:07:46.802734+00:00
5WBQCGU2VW6J,fastball,299,315,1,273,315,0.934864,strong_motion_peaks,,2026-04-24T10:20:19.081405+00:00
60YES78D7XAH,slider,232,255,1,229,259,0.400383,weak_motion_peaks,,2026-04-24T10:21:02.342385+00:00
63FCVINHJXAO,changeup,166,189,1,166,192,1.000000,strong_motion_peaks,,2026-04-24T10:21:43.213411+00:00
6432AH1LCY8M,fastball,252,275,1,252,277,0.838647,strong_motion_peaks,,2026-04-24T10:22:57.715397+00:00
647IUJVJDZPC,fastball,221,241,1,232,274,0.454564,moderate_motion_peaks,,2026-04-24T10:23:28.166720+00:00
64BJ0R2920OF,curveball,288,315,1,273,315,0.862314,strong_motion_peaks,,2026-04-24T10:23:43.839150+00:00
68VLV6W0SW24,changeup,263,285,1,235,270,0.783411,strong_motion_peaks,,2026-04-24T10:24:05.911254+00:00
6CXCL3OAWYLM,fastball,309,324,1,355,369,0.949960,strong_motion_peaks,,2026-04-24T10:24:38.752884+00:00
6G21EIWEO8XF,fastball,192,211,1,191,206,0.915694,strong_motion_peaks,,2026-04-24T10:25:44.293772+00:00
6HAW10R2J3YV,curveball,277,288,1,258,285,0.904068,strong_motion_peaks,,2026-04-24T10:32:14.960048+00:00
6K10QFCN7WFH,fastball,127,149,1,173,191,0.610020,moderate_motion_peaks,,2026-04-24T10:32:29.510382+00:00
6N96UI0XJULW,fastball,34,42,0,34,42,0.609983,moderate_motion_peaks,,2026-04-24T10:32:47.339184+00:00
6NRTQD6F3QWT,fastball,290,310,1,260,281,0.896020,strong_motion_peaks,,2026-04-24T10:33:03.747859+00:00
6RWZEJ0XG5ZY,fastball,247,263,1,239,248,0.812552,strong_motion_peaks,,2026-04-24T10:33:41.187889+00:00
6TVZJQRMUNYO,fastball,301,322,1,296,312,0.923384,strong_motion_peaks,,2026-04-24T10:33:58.549951+00:00
6UAZNNTZ9V9D,fastball,266,283,1,254,283,0.859837,strong_motion_peaks,,2026-04-24T10:34:11.598475+00:00
6X6FAHGVQURW,changeup,298,315,1,259,298,0.686304,moderate_motion_peaks,,2026-04-24T10:34:31.383709+00:00
705TYUIL64BW,fastball,263,285,1,137,179,0.771687,strong_motion_peaks,,2026-04-24T10:34:55.715986+00:00
72FNU25XFE1P,fastball,275,287,1,44,66,0.829299,strong_motion_peaks,,2026-04-24T10:36:56.869001+00:00
72HJHBHFVNY9,knucklecurve,267,267,0,235,255,0.583445,moderate_motion_peaks,,2026-04-24T10:37:16.787481+00:00
75XVC2M6XM6Z,fastball,299,311,1,184,193,0.812630,strong_motion_peaks,,2026-04-24T10:37:43.598792+00:00
764E6VXO2DA9,sinker,290,310,1,284,315,0.922221,strong_motion_peaks,,2026-04-24T10:38:06.804594+00:00
76AOE4IJBZKY,fastball,311,335,1,251,280,0.697464,moderate_motion_peaks,,2026-04-24T10:38:19.742268+00:00
77UEE2QV71PO,slider,187,208,1,187,206,0.962969,strong_motion_peaks,,2026-04-24T10:40:33.134826+00:00
78MINTY6DUDF,fastball,317,348,0,308,348,0.748657,moderate_motion_peaks,,2026-04-24T10:40:52.439364+00:00
7DKFZI0R2JP8,fastball,249,260,1,238,280,0.753182,strong_motion_peaks,,2026-04-24T10:41:11.994327+00:00
7E7Z07IVGWLD,sinker,288,302,1,263,302,0.382077,weak_motion_peaks,,2026-04-24T10:41:25.494887+00:00
7ELVHKP1RKJU,fastball,312,330,1,304,330,0.368545,weak_motion_peaks,,2026-04-24T10:41:39.134630+00:00
7F0T5YP684G5,fastball,279,298,1,237,261,0.549819,moderate_motion_peaks,,2026-04-24T10:41:55.860046+00:00
7F1VUA0884T6,slider,168,195,1,165,195,1.000000,strong_motion_peaks,,2026-04-24T10:42:18.707007+00:00
7G2DOQ76A1ZZ,slider,321,344,1,306,344,0.910787,strong_motion_peaks,,2026-04-24T10:42:39.194593+00:00
7NCZ8EYZL76B,fastball,286,296,1,261,296,0.961802,strong_motion_peaks,,2026-04-26T19:38:17.105247+00:00
7NZERGV2XFSI,slider,291,303,1,248,264,0.327320,weak_motion_peaks,,2026-04-26T19:38:30.978927+00:00
7PT5SKEQMZ00,slider,255,281,1,328,360,0.977142,strong_motion_peaks,,2026-04-26T19:38:48.067763+00:00
7Q78KMIB4IF3,slider,252,277,1,308,337,0.767979,strong_motion_peaks,,2026-04-26T19:41:10.843365+00:00
7QD7EI55XLYJ,sinker,313,345,1,304,339,0.645697,moderate_motion_peaks,,2026-04-26T19:41:45.938175+00:00
7RAPUMF7O9NO,fastball,289,310,1,244,257,0.861619,strong_motion_peaks,,2026-04-26T19:42:03.381731+00:00
7RCX58MIY1CY,fastball,302,313,1,267,281,0.139449,weak_motion_peaks,,2026-04-26T19:42:26.079617+00:00
818KAF8EWDXO,fastball,176,194,1,165,186,0.796634,strong_motion_peaks,,2026-04-26T19:42:51.430795+00:00
819K3AJHQGJX,slider,199,217,1,75,83,0.689921,moderate_motion_peaks,,2026-04-26T19:43:07.915719+00:00
81P3ZO2WPX1F,fastball,295,314,1,338,356,0.893119,strong_motion_peaks,,2026-04-26T19:43:35.876534+00:00
8A92BTB0DZD0,slider,299,311,1,259,283,0.691940,moderate_motion_peaks,,2026-04-26T19:43:54.980364+00:00
8FNABRATASAT,fastball,271,292,1,239,279,0.865536,strong_motion_peaks,,2026-04-26T19:44:24.509156+00:00
8FO2NGL6CK5Y,fastball,258,272,1,250,258,0.682999,moderate_motion_peaks,,2026-04-26T19:45:39.541281+00:00
8FXBQMI2TLN0,fastball,335,347,1,246,286,0.585665,moderate_motion_peaks,,2026-04-26T19:45:58.815342+00:00
8G49Q13CQSI8,fastball,252,269,0,252,269,0.831475,strong_motion_peaks,,2026-04-26T19:46:20.205102+00:00
8KRU4A51XQKC,slider,216,238,1,256,293,1.000000,strong_motion_peaks,,2026-04-26T19:46:34.952909+00:00
8MY1019A0LUC,changeup,299,311,1,259,271,0.924273,strong_motion_peaks,,2026-04-26T19:46:52.305093+00:00
8NSQ2K4XEYO1,sinker,308,318,1,181,196,0.344246,weak_motion_peaks,,2026-04-26T19:47:05.673853+00:00
8P2PT0JXHWS5,curveball,293,309,1,278,317,0.235751,weak_motion_peaks,,2026-04-26T19:47:28.132303+00:00
8PMC8YIGQGVL,fastball,310,332,1,335,351,0.945165,strong_motion_peaks,,2026-04-26T19:47:48.439059+00:00
943AEET741DY,knucklecurve,273,296,1,257,294,0.448525,weak_motion_peaks,,2026-04-26T19:48:11.485245+00:00
94EUYPS5JDXZ,fastball,204,227,1,234,276,0.868418,strong_motion_peaks,,2026-04-26T19:48:29.379715+00:00
95CHHA7NOMPJ,changeup,300,320,1,261,303,0.553952,moderate_motion_peaks,,2026-04-26T19:48:46.064174+00:00
9BZXKG9DP3HO,fastball,168,180,1,249,257,0.806190,strong_motion_peaks,,2026-04-26T19:49:12.222284+00:00
9E3HF1R5PVKJ,fastball,284,306,1,266,307,0.947845,strong_motion_peaks,,2026-04-26T19:49:29.636898+00:00
9GRZ7G2GBQKC,fastball,258,287,0,258,287,0.668805,moderate_motion_peaks,,2026-04-26T19:49:43.649329+00:00
9I6SJ0DCP6B9,sinker,308,329,1,296,329,0.868238,strong_motion_peaks,,2026-04-26T19:49:55.371190+00:00
9IAIP1M2GEL3,fastball,262,281,1,268,283,0.783277,strong_motion_peaks,,2026-04-26T19:50:21.801548+00:00
9JDT8S5W9DUB,curveball,263,287,1,259,287,1.000000,strong_motion_peaks,,2026-04-26T19:50:42.568365+00:00
9JI3BHTWPE5H,curveball,251,263,1,243,285,0.579720,moderate_motion_peaks,,2026-04-26T19:51:19.271915+00:00
9K0N7UTVHQV0,slider,313,337,0,313,337,0.825031,strong_motion_peaks,,2026-04-26T19:51:33.634098+00:00
9P0HXA8SPFI3,fastball,350,390,0,350,390,0.771950,strong_motion_peaks,,2026-04-26T19:51:51.349770+00:00
9U67UYCIYA75,fastball,365,399,0,365,399,1.000000,strong_motion_peaks,,2026-04-26T19:51:59.715158+00:00
9WSZUBQSKFFF,fastball,284,303,1,275,284,0.726104,moderate_motion_peaks,,2026-04-26T19:52:16.317081+00:00
9YNFM1FOVTCH,fastball,302,310,1,218,226,0.550005,moderate_motion_peaks,,2026-04-26T19:52:38.983805+00:00
A0L3P8ZYKZHG,knucklecurve,287,311,1,254,266,0.813390,strong_motion_peaks,,2026-04-26T19:52:51.662405+00:00
A0ZJ705J8XEH,slider,290,309,1,283,309,0.457629,moderate_motion_peaks,,2026-04-26T19:53:09.007474+00:00
A27RK8LIKGJA,fastball,263,287,1,259,267,0.882513,strong_motion_peaks,,2026-04-26T19:53:18.847558+00:00
A78ZTKIB7S9A,curveball,251,263,1,228,263,1.000000,strong_motion_peaks,,2026-04-26T19:53:32.371594+00:00
ABU1NPZTQQY7,fastball,295,312,1,285,310,0.806857,strong_motion_peaks,,2026-04-26T19:53:50.618971+00:00
AD9XMU2ZW7JR,fastball,287,311,1,254,275,0.861199,strong_motion_peaks,,2026-04-26T19:54:04.602328+00:00
ADECKTPBFX91,knucklecurve,214,241,1,193,202,0.149433,weak_motion_peaks,,2026-04-26T19:54:26.030882+00:00
AFLIEXNT6SX6,fastball,199,239,1,188,214,1.000000,strong_motion_peaks,,2026-05-04T09:28:54.843934+00:00
AHHVTT3LAZAU,slider,283,299,1,249,283,0.459737,moderate_motion_peaks,,2026-05-04T09:29:06.979914+00:00
AHSJ2G1X74Q0,curveball,286,299,1,252,286,0.780663,strong_motion_peaks,,2026-05-04T09:29:21.408164+00:00
AJX88NKX9QTB,fastball,262,284,1,237,275,0.537543,moderate_motion_peaks,,2026-05-04T09:29:49.748995+00:00
AKPG7DQ9N7VD,fastball,299,311,1,252,260,0.831044,strong_motion_peaks,,2026-05-04T09:30:04.923768+00:00
AKQ87KLRM9W8,slider,232,240,0,232,240,0.881663,strong_motion_peaks,,2026-05-04T09:30:21.060433+00:00
AM61683YZJVK,fastball,275,287,1,252,260,0.996036,strong_motion_peaks,,2026-05-04T09:30:39.438312+00:00
ANVYS9Q6W76D,fastball,211,226,1,163,177,0.130476,weak_motion_peaks,,2026-05-04T09:30:53.560013+00:00
AO8XK0Y1BTYB,changeup,335,335,0,258,275,0.585876,moderate_motion_peaks,,2026-05-04T09:31:13.822874+00:00
B011348E231B,fastball,239,251,0,234,276,0.967356,strong_motion_peaks,,2026-05-04T09:31:35.835073+00:00
B0EDQWDF5ZP9,fastball,335,359,1,198,206,0.391806,weak_motion_peaks,,2026-05-04T09:31:53.526603+00:00
B1KLXQHTCG7R,fastball,323,347,1,142,183,0.737460,moderate_motion_peaks,,2026-05-04T09:32:06.981979+00:00
B7UEK6XJBDHT,fastball,217,240,1,201,217,0.881990,strong_motion_peaks,,2026-05-04T09:32:24.447937+00:00
BAE6VSLGGCV4,fastball,276,300,1,275,301,0.624167,moderate_motion_peaks,,2026-05-04T09:33:27.562984+00:00
BCNTSLUNUBJQ,slider,282,304,1,277,295,1.000000,strong_motion_peaks,,2026-05-04T09:33:59.596569+00:00
BJ89GQP9PCAG,fastball,268,286,1,293,330,0.507819,moderate_motion_peaks,,2026-05-04T09:34:26.258721+00:00
BJSTGVVM59OE,slider,182,200,1,255,263,0.759331,strong_motion_peaks,,2026-05-04T09:37:52.352886+00:00
BK21NPVSFTGL,fastball,316,333,1,77,85,0.953784,strong_motion_peaks,,2026-05-04T09:38:15.514320+00:00
BMRQHATFE1U7,fastball,257,274,1,278,320,0.449206,weak_motion_peaks,,2026-05-04T09:42:06.028439+00:00
BNG6CZW6ZMVR,fastball,368,410,0,368,410,0.948286,strong_motion_peaks,,2026-05-04T09:42:24.753292+00:00
BQE0TZKHHFNK,fastball,340,365,1,355,395,0.426895,weak_motion_peaks,,2026-05-04T09:43:09.268766+00:00
BWJ683S12AE4,fastball,211,225,1,200,229,0.207276,weak_motion_peaks,,2026-05-04T09:43:25.771928+00:00
BWUITRLH6HEM,curveball,292,310,1,252,292,0.855969,strong_motion_peaks,,2026-05-04T09:43:40.217837+00:00
BXMD3ZZSGJIA,fastball,301,310,1,259,301,0.427683,weak_motion_peaks,,2026-05-04T09:43:51.568967+00:00
BZ08HOHSB7IH,slider,255,275,1,243,275,0.493329,moderate_motion_peaks,,2026-05-04T09:44:06.587809+00:00
C2PBBU0ODZQH,fastball,247,264,1,268,281,0.732149,moderate_motion_peaks,,2026-05-04T09:44:20.861406+00:00
C3FF9FJU3NQP,fastball,291,310,1,252,293,0.748011,moderate_motion_peaks,,2026-05-04T09:44:37.971496+00:00
C7PUE9GWWYAW,fastball,311,328,1,346,371,0.981039,strong_motion_peaks,,2026-05-04T09:44:49.627147+00:00
CDVHR6SX97GY,curveball,302,326,1,285,311,0.577580,moderate_motion_peaks,,2026-05-04T09:45:09.293018+00:00
CGBC82B59QDG,fastball,291,310,1,239,272,0.301513,weak_motion_peaks,,2026-05-04T09:45:21.467799+00:00
CI57VD37AFB7,sinker,288,307,1,299,307,0.928164,strong_motion_peaks,,2026-05-04T09:45:55.085283+00:00
CIRSQ7ML6ZRD,fastball,297,315,1,321,356,0.936625,strong_motion_peaks,,2026-05-04T09:46:12.290259+00:00
CMOK5BTDUONX,fastball,291,291,0,252,272,0.530488,moderate_motion_peaks,,2026-05-04T09:46:26.700043+00:00
CTX3I48W0YZZ,knucklecurve,166,182,1,126,168,0.846659,strong_motion_peaks,,2026-05-04T09:46:39.053797+00:00
CV8SZ02DJNEI,fastball,208,233,0,208,233,0.879218,strong_motion_peaks,,2026-05-04T09:46:51.659751+00:00
CZ64M3JZPBII,fastball,273,280,1,238,280,0.814117,strong_motion_peaks,,2026-05-04T09:47:03.104594+00:00
D7I7BBK3G3BN,slider,307,323,1,284,323,0.853746,strong_motion_peaks,,2026-05-04T09:47:19.602494+00:00
D97OMGQ4I9VU,fastball,310,310,0,248,267,0.432161,weak_motion_peaks,,2026-05-04T09:47:51.973232+00:00
DAHQNXKARE7Y,curveball,229,271,0,229,271,0.466499,moderate_motion_peaks,,2026-05-04T09:48:00.088816+00:00
DG86NY5US67J,fastball,207,223,1,199,207,0.848554,strong_motion_peaks,,2026-05-04T09:48:13.276285+00:00
DJWNAS0X7GPL,fastball,182,193,1,174,191,0.831459,strong_motion_peaks,,2026-05-04T09:48:27.231135+00:00
DQHDWGC7LOXW,slider,332,351,1,327,343,0.956688,strong_motion_peaks,,2026-05-04T09:48:40.794030+00:00
DQTE4J40GC7Y,fastball,304,318,1,236,277,0.376602,weak_motion_peaks,,2026-05-04T09:48:55.750344+00:00
DRECFBRTF20Z,changeup,246,269,1,246,257,0.881094,strong_motion_peaks,,2026-05-04T09:49:42.437606+00:00
DU2UPEMYZ0Z4,fastball,239,255,1,231,250,0.942563,strong_motion_peaks,,2026-05-04T09:49:54.001721+00:00
DVCFLWOB8JON,fastball,284,294,1,273,303,1.000000,strong_motion_peaks,,2026-05-04T09:50:09.797359+00:00
DVTVF8YNKA86,fastball,252,255,1,252,273,0.831288,strong_motion_peaks,,2026-05-04T09:50:23.285707+00:00
E23T3M63SNBP,fastball,274,293,1,263,293,0.777119,strong_motion_peaks,,2026-05-04T09:50:35.633888+00:00
E270UDHKRGPM,fastball,273,273,0,245,253,0.870158,strong_motion_peaks,,2026-05-04T09:50:51.636321+00:00
E2OX42OO4R4T,fastball,269,287,1,335,377,0.856895,strong_motion_peaks,,2026-05-04T09:51:07.707847+00:00
E40GRXPSLG7N,slider,291,310,1,258,299,0.835741,strong_motion_peaks,,2026-05-04T09:53:51.696160+00:00
E4JKMU8EQS9S,curveball,338,387,1,268,279,0.540526,moderate_motion_peaks,,2026-05-04T09:54:14.231934+00:00
E6FW4M6KHIUH,fastball,255,273,1,229,271,0.737374,moderate_motion_peaks,,2026-05-04T09:54:40.179953+00:00
EGBVKQTQ7NAT,fastball,296,317,1,273,308,1.000000,strong_motion_peaks,,2026-05-04T09:56:53.962042+00:00
EM1ZNFO7FYCP,fastball,273,294,1,321,363,0.502526,moderate_motion_peaks,,2026-05-04T09:57:08.612854+00:00
ENEXM0OLK30R,knucklecurve,113,125,0,113,125,0.666654,moderate_motion_peaks,,2026-05-04T09:58:54.606300+00:00
EP5RN1N0TAK1,fastball,304,332,0,304,332,0.096412,weak_motion_peaks,,2026-05-04T09:59:07.267012+00:00
EPPR61U0YJCE,slider,195,219,1,232,268,0.519170,moderate_motion_peaks,,2026-05-04T09:59:20.033930+00:00
EQHJ8GEHI053,fastball,182,203,1,145,162,0.509335,moderate_motion_peaks,,2026-05-04T09:59:34.318622+00:00
ERZUTNWJUF2Q,changeup,326,344,1,339,367,0.922381,strong_motion_peaks,,2026-05-04T09:59:49.961767+00:00
ETJPA5NAOIS0,fastball,346,346,0,127,167,0.223912,weak_motion_peaks,,2026-05-04T09:59:58.311234+00:00
EUNLN0COYN7U,fastball,259,293,0,259,293,0.879401,strong_motion_peaks,,2026-05-04T10:00:11.914251+00:00
EYF8ZN0CZB9N,fastball,285,306,1,253,263,0.361892,weak_motion_peaks,,2026-05-04T10:00:32.686279+00:00
F675ZUQ5QBO8,fastball,303,317,1,271,310,0.865380,strong_motion_peaks,,2026-05-04T10:00:42.995789+00:00
F6UD17JGKUZD,slider,97,139,0,97,139,0.591852,moderate_motion_peaks,,2026-05-04T10:00:50.184450+00:00
FEEBU98Q2LMN,knucklecurve,319,344,1,294,325,0.944755,strong_motion_peaks,,2026-05-04T10:01:03.826112+00:00
FGL3L3OZSQJ4,fastball,222,255,1,222,255,0.985559,strong_motion_peaks,,2026-05-04T10:01:14.057148+00:00
FJXFI7C0SQGI,fastball,263,279,1,258,275,0.826395,strong_motion_peaks,,2026-05-04T10:01:28.838506+00:00
FT2K3BUXW3IO,fastball,222,242,1,275,298,1.000000,strong_motion_peaks,,2026-05-04T10:04:43.105461+00:00
FTUB5277AW50,fastball,256,290,0,256,290,0.895159,strong_motion_peaks,,2026-05-04T10:04:52.284288+00:00
FURIDBMA6KPC,curveball,259,285,1,79,87,0.669693,moderate_motion_peaks,,2026-05-04T10:05:07.276147+00:00
FW3L06YXCTOQ,fastball,307,322,1,292,322,0.917347,strong_motion_peaks,,2026-05-04T10:05:20.736127+00:00
FW8XUW52ZS6P,changeup,273,286,1,259,286,0.870637,strong_motion_peaks,,2026-05-04T10:05:34.528231+00:00
FXQ14YUTXNBH,slider,297,321,1,291,323,0.901180,strong_motion_peaks,,2026-05-04T10:06:03.235231+00:00
G7U5N1BBNMLO,fastball,182,197,1,155,197,0.876851,strong_motion_peaks,,2026-05-04T10:06:16.906195+00:00
G807JF7PHLFV,slider,156,180,1,150,172,0.405170,weak_motion_peaks,,2026-05-04T10:06:31.855315+00:00
GADQDF1SFRTM,changeup,203,240,0,203,240,1.000000,strong_motion_peaks,,2026-05-04T10:06:47.632583+00:00
GAE68HRSHUXF,knucklecurve,58,66,0,58,66,0.712571,moderate_motion_peaks,,2026-05-04T10:06:58.777751+00:00
GAXSXT1YWAAR,fastball,293,305,1,282,303,1.000000,strong_motion_peaks,,2026-05-04T10:07:14.202464+00:00
GESEJKSGH30C,slider,288,311,1,283,311,0.723353,moderate_motion_peaks,,2026-05-04T10:07:26.510855+00:00
GIXJKCVP6RNJ,slider,291,310,1,259,301,0.715460,moderate_motion_peaks,,2026-05-04T10:07:45.642889+00:00
GJYXBGZFOE0Q,fastball,263,287,1,257,287,0.835013,strong_motion_peaks,,2026-05-04T10:07:55.526349+00:00
GQBXTHM8RSDU,fastball,243,259,1,230,250,0.862030,strong_motion_peaks,,2026-05-04T10:08:16.386377+00:00
H2XVIHHJYV6T,slider,317,339,1,308,331,0.848610,strong_motion_peaks,,2026-05-04T10:08:31.667071+00:00
HDWTB6QYM761,fastball,269,287,1,311,326,0.746711,moderate_motion_peaks,,2026-05-04T10:08:53.213450+00:00
HG89US602D0E,knucklecurve,287,313,1,287,303,0.810801,strong_motion_peaks,,2026-05-04T10:09:09.800305+00:00
HLK8YXUGKSYZ,knucklecurve,250,267,1,213,252,0.865892,strong_motion_peaks,,2026-05-04T10:09:33.086704+00:00
HPKX3I5RQMEO,curveball,287,310,1,255,297,0.956417,strong_motion_peaks,,2026-05-04T10:10:01.850314+00:00
HQCPRB2AYCFZ,fastball,188,203,1,152,165,0.851791,strong_motion_peaks,,2026-05-04T10:10:16.792965+00:00
HS7KOG36P41A,fastball,310,332,0,300,337,0.793755,strong_motion_peaks,,2026-05-04T10:10:32.577518+00:00
HSKGY5FP00OS,knucklecurve,291,310,1,259,287,0.708677,moderate_motion_peaks,,2026-05-04T10:10:50.294980+00:00
HST5K3C5L9WS,slider,330,344,1,313,344,1.000000,strong_motion_peaks,,2026-05-04T10:11:03.153252+00:00
HTS35EOENGYD,fastball,272,289,1,272,302,0.849089,strong_motion_peaks,,2026-05-04T10:11:22.084311+00:00
HU4RNGZ9E13X,slider,173,196,1,171,196,0.735559,moderate_motion_peaks,,2026-05-04T10:11:45.541487+00:00
HV291VIGZ6PS,fastball,249,281,0,249,281,0.570754,moderate_motion_peaks,,2026-05-04T10:11:53.571961+00:00
HWVCSPJ0I8OH,knucklecurve,298,298,0,223,265,0.406708,weak_motion_peaks,,2026-05-04T10:12:07.258300+00:00
I3VNLEORMYBK,fastball,292,307,1,208,232,0.286006,weak_motion_peaks,,2026-05-04T10:12:19.198473+00:00
I6FCGUJUTXQQ,slider,256,279,1,317,354,0.772772,strong_motion_peaks,,2026-05-04T10:12:38.647324+00:00
I8BJOKCXFW27,fastball,301,310,1,324,342,0.501520,moderate_motion_peaks,,2026-05-04T10:12:52.634656+00:00
I9WRJHE7I3BX,fastball,257,270,0,257,270,0.705415,moderate_motion_peaks,,2026-05-04T10:13:02.568832+00:00
IEB2LQZP5Z16,changeup,315,335,1,309,339,0.681553,moderate_motion_peaks,,2026-05-04T10:16:37.963637+00:00
IH9AP74DOUZW,sinker,297,313,1,157,170,0.237034,weak_motion_peaks,,2026-05-04T10:16:51.729476+00:00
IIXACL0S525I,changeup,291,310,1,259,280,0.633788,moderate_motion_peaks,,2026-05-04T10:17:06.304289+00:00
IKJWOJJODLNQ,slider,241,258,1,195,208,0.901565,strong_motion_peaks,,2026-05-04T10:18:14.804585+00:00
ILGOY7TIU763,fastball,287,305,1,283,309,0.464244,moderate_motion_peaks,,2026-05-04T10:18:31.741262+00:00
IM2KGMS0B7ZP,slider,328,346,1,238,252,0.438966,weak_motion_peaks,,2026-05-04T10:18:52.108257+00:00
IQ6ADP2WLNYT,changeup,343,364,1,303,334,0.536690,moderate_motion_peaks,,2026-05-04T10:19:06.869600+00:00
IU18KJT7V9VU,sinker,216,237,1,253,267,0.777619,strong_motion_peaks,,2026-05-04T10:19:39.450828+00:00
IUTKJWTP05V7,curveball,235,252,0,235,252,0.993683,strong_motion_peaks,,2026-05-04T10:19:51.961017+00:00
IV4OGXV72MGI,fastball,317,332,1,307,334,0.969651,strong_motion_peaks,,2026-05-04T10:20:08.872100+00:00
IW4GU5HY3NU6,slider,256,296,0,256,296,0.985152,strong_motion_peaks,,2026-05-04T10:20:17.801224+00:00
IWPYVZM5K5J8,knucklecurve,340,360,1,332,351,0.957592,strong_motion_peaks,,2026-05-04T10:20:29.191142+00:00
IXYXNMN46GIO,fastball,217,231,1,183,219,0.757491,strong_motion_peaks,,2026-05-04T10:20:42.348247+00:00
J5BU04G0SXTZ,fastball,273,274,1,244,274,0.865614,strong_motion_peaks,,2026-05-04T10:20:57.666898+00:00
J8IV91ZWD3WS,knucklecurve,300,312,1,241,259,0.592651,moderate_motion_peaks,,2026-05-04T10:21:17.065444+00:00
JA1LG8D5ST6E,fastball,336,344,1,319,353,0.618755,moderate_motion_peaks,,2026-05-04T10:21:27.638196+00:00
JFFK5GEUM7CI,slider,284,310,1,256,284,0.642691,moderate_motion_peaks,,2026-05-04T10:22:05.405684+00:00
JGOX0IUR09OL,changeup,297,318,1,289,318,0.768977,strong_motion_peaks,,2026-05-04T10:22:17.581266+00:00
JQ62QWH7E9EX,fastball,255,285,0,245,285,0.818301,strong_motion_peaks,,2026-05-04T10:22:30.174313+00:00
JSZDJDZ280P1,slider,238,253,1,281,321,0.803170,strong_motion_peaks,,2026-05-04T10:22:45.747492+00:00
JVXI5NTD06CV,fastball,307,329,1,301,329,0.597329,moderate_motion_peaks,,2026-05-04T10:22:58.686451+00:00
K1B3L66QZ81A,knucklecurve,288,302,1,260,292,1.000000,strong_motion_peaks,,2026-05-04T10:23:09.266661+00:00
K2A7H9SMWR21,fastball,291,291,0,179,202,0.548818,moderate_motion_peaks,,2026-05-04T10:23:17.625506+00:00
K3YS1O7DZA0W,fastball,271,291,1,305,347,0.940681,strong_motion_peaks,,2026-05-04T10:23:30.202951+00:00
K59A7IKBSWQ1,slider,258,274,1,250,274,0.337716,weak_motion_peaks,,2026-05-04T10:23:44.610673+00:00
K97NTESJ6CD3,slider,255,278,1,250,278,0.984760,strong_motion_peaks,,2026-05-04T10:23:54.511012+00:00
K9XJZSP8UM7B,fastball,265,279,1,259,283,0.780750,strong_motion_peaks,,2026-05-04T10:24:11.093034+00:00
KDFRZOPAH6KN,sinker,208,248,0,208,248,0.410849,weak_motion_peaks,,2026-05-04T10:24:19.665861+00:00
KE7YR4ZYRVLA,fastball,310,328,1,110,129,0.312405,weak_motion_peaks,,2026-05-04T10:24:33.182575+00:00
KFKA5HCAM3AS,fastball,287,291,1,256,287,0.892558,strong_motion_peaks,,2026-05-04T10:24:45.856344+00:00
KHAZQ36Y038W,fastball,251,269,1,233,275,0.869337,strong_motion_peaks,,2026-05-04T10:25:06.204410+00:00
KK41J2L9NUW9,curveball,283,306,1,330,363,0.827248,strong_motion_peaks,,2026-05-04T10:25:22.558404+00:00
KL42MG2PTWF5,fastball,279,307,1,268,292,0.849565,strong_motion_peaks,,2026-05-04T10:25:52.410550+00:00
KMKMGW84UEVK,fastball,302,305,1,273,305,0.919000,strong_motion_peaks,,2026-05-04T10:26:03.940586+00:00
KMPNLT1M4M10,fastball,284,294,1,303,332,0.797325,strong_motion_peaks,,2026-05-04T10:26:23.777622+00:00
KNUFODGZC28L,curveball,328,328,0,259,277,0.650842,moderate_motion_peaks,,2026-05-04T10:26:54.894596+00:00
KR53KOHMODJU,fastball,256,264,0,256,264,0.872798,strong_motion_peaks,,2026-05-04T10:27:02.706461+00:00
KST1TTNOIHYN,fastball,346,382,0,346,382,0.984899,strong_motion_peaks,,2026-05-04T10:27:12.007410+00:00
KUXORIX3Z26W,fastball,248,266,1,243,260,0.294160,weak_motion_peaks,,2026-05-04T10:27:25.482367+00:00
KXDS0AKSZGMR,knucklecurve,237,255,1,256,264,0.936745,strong_motion_peaks,,2026-05-04T10:27:41.469361+00:00
L04F9IFEDUHG,slider,282,294,1,268,294,0.950977,strong_motion_peaks,,2026-05-04T10:27:51.085198+00:00
L3DP1XBRH4FR,fastball,275,293,1,245,286,0.265510,weak_motion_peaks,,2026-05-04T10:28:04.755811+00:00
L6E4TCSLF9HZ,fastball,266,277,1,323,336,0.883563,strong_motion_peaks,,2026-05-04T10:28:21.489102+00:00
L9OZJIH12KYN,curveball,310,335,1,279,312,0.300285,weak_motion_peaks,,2026-05-04T10:28:52.023884+00:00
LAQ32UA0OKPU,curveball,325,349,1,293,325,0.557104,moderate_motion_peaks,,2026-05-04T10:29:05.863371+00:00
LCTLZNCH2YH2,slider,284,297,1,274,289,0.938058,strong_motion_peaks,,2026-05-04T10:29:18.093752+00:00
LFQV3P585TD1,fastball,284,342,0,300,342,0.824645,strong_motion_peaks,,2026-05-04T10:29:31.203798+00:00
LGO4LHVXOGUC,knucklecurve,294,316,1,338,365,0.658319,moderate_motion_peaks,,2026-05-04T10:29:45.359986+00:00
LNQXTBYWHD4B,knucklecurve,184,200,1,145,153,0.374875,weak_motion_peaks,,2026-05-04T10:29:56.789069+00:00
LOBCJ9381CJ4,fastball,259,279,1,259,279,0.734210,moderate_motion_peaks,,2026-05-04T10:30:09.398991+00:00
